week_start,channel,spend,impressions,clicks,revenue,is_holiday,is_black_friday_week,is_summer,is_promo_period,month_num
2023-01-02,digital,12002.36,3429246,33600,345732.84,0,0,0,0,1
2023-01-02,ooh,10323.19,1720531,43132,345732.84,0,0,0,0,1
2023-01-02,search,8408.57,2102142,59216,345732.84,0,0,0,0,1
2023-01-02,social,8123.72,1805271,28147,345732.84,0,0,0,0,1
2023-01-02,tiktok,5374.29,1074858,29238,345732.84,0,0,0,0,1
2023-01-02,tv,31504.8,3938100,42961,345732.84,0,0,0,0,1
2023-01-09,digital,17730.22,5065777,47550,390839.7,0,0,0,0,1
2023-01-09,ooh,7559.76,1259961,34430,390839.7,0,0,0,0,1
2023-01-09,search,11531.68,2882920,81643,390839.7,0,0,0,0,1
2023-01-09,social,8571.48,1904773,53815,390839.7,0,0,0,0,1
2023-01-09,tiktok,4478.11,895623,22654,390839.7,0,0,0,0,1
2023-01-09,tv,27802.51,3475313,21644,390839.7,0,0,0,0,1
2023-01-16,digital,15641.19,4468912,113062,419609.93,0,0,0,0,1
2023-01-16,ooh,10141.53,1690256,8917,419609.93,0,0,0,0,1
2023-01-16,search,8761.18,2190296,32389,419609.93,0,0,0,0,1
2023-01-16,social,5916.0,1314666,23086,419609.93,0,0,0,0,1
2023-01-16,tiktok,5605.97,1121195,15404,419609.93,0,0,0,0,1
2023-01-16,tv,34550.7,4318837,38179,419609.93,0,0,0,0,1
2023-01-23,digital,10367.01,2962002,34412,410804.47,0,0,0,0,1
2023-01-23,ooh,10105.92,1684320,15942,410804.47,0,0,0,0,1
2023-01-23,search,10240.13,2560034,33873,410804.47,0,0,0,0,1
2023-01-23,social,7566.89,1681531,49233,410804.47,0,0,0,0,1
2023-01-23,tiktok,4587.0,917400,17857,410804.47,0,0,0,0,1
2023-01-23,tv,27928.35,3491044,22982,410804.47,0,0,0,0,1
2023-01-30,digital,17889.12,5111177,142255,426672.11,0,0,0,1,1
2023-01-30,ooh,18191.33,3031888,83673,426672.11,0,0,0,1,1
2023-01-30,search,10037.15,2509288,40842,426672.11,0,0,0,1,1
2023-01-30,social,11922.85,2649522,30392,426672.11,0,0,0,1,1
2023-01-30,tiktok,6139.58,1227917,10469,426672.11,0,0,0,1,1
2023-01-30,tv,38991.5,4873937,48145,426672.11,0,0,0,1,1
2023-02-06,digital,11845.29,3384370,28772,440857.47,0,0,0,0,2
2023-02-06,ooh,12161.09,2026849,37978,440857.47,0,0,0,0,2
2023-02-06,search,6559.44,1639859,31483,440857.47,0,0,0,0,2
2023-02-06,social,9077.11,2017136,35529,440857.47,0,0,0,0,2
2023-02-06,tiktok,6563.78,1312757,38475,440857.47,0,0,0,0,2
2023-02-06,tv,24260.59,3032574,58269,440857.47,0,0,0,0,2
2023-02-13,digital,12189.16,3482617,76418,446317.86,0,0,0,0,2
2023-02-13,ooh,10363.02,1727170,15114,446317.86,0,0,0,0,2
2023-02-13,search,6953.01,1738254,28760,446317.86,0,0,0,0,2
2023-02-13,social,8082.7,1796156,47577,446317.86,0,0,0,0,2
2023-02-13,tiktok,4093.78,818756,22575,446317.86,0,0,0,0,2
2023-02-13,tv,26192.41,3274051,91055,446317.86,0,0,0,0,2
2023-02-20,digital,13433.34,3838097,97341,423280.24,0,0,0,0,2
2023-02-20,ooh,10878.2,1813033,18257,423280.24,0,0,0,0,2
2023-02-20,search,7382.95,1845737,39626,423280.24,0,0,0,0,2
2023-02-20,social,9149.73,2033274,32952,423280.24,0,0,0,0,2
2023-02-20,tiktok,2681.03,536205,15039,423280.24,0,0,0,0,2
2023-02-20,tv,22292.9,2786612,51359,423280.24,0,0,0,0,2
2023-02-27,digital,14589.91,4168545,45360,443147.04,0,0,0,0,2
2023-02-27,ooh,10477.64,1746274,37544,443147.04,0,0,0,0,2
2023-02-27,search,12339.15,3084788,58179,443147.04,0,0,0,0,2
2023-02-27,social,8553.91,1900868,22786,443147.04,0,0,0,0,2
2023-02-27,tiktok,6865.99,1373198,18269,443147.04,0,0,0,0,2
2023-02-27,tv,31103.33,3887916,80284,443147.04,0,0,0,0,2
2023-03-06,digital,12128.45,3465272,41255,443806.37,0,0,0,0,3
2023-03-06,ooh,9986.6,1664434,38482,443806.37,0,0,0,0,3
2023-03-06,search,7249.22,1812305,23592,443806.37,0,0,0,0,3
2023-03-06,social,9680.88,2151306,56766,443806.37,0,0,0,0,3
2023-03-06,tiktok,7858.12,1571624,14504,443806.37,0,0,0,0,3
2023-03-06,tv,19890.08,2486260,24979,443806.37,0,0,0,0,3
2023-03-13,digital,15814.92,4518547,131548,445534.01,0,0,0,0,3
2023-03-13,ooh,8173.83,1362304,27227,445534.01,0,0,0,0,3
2023-03-13,search,10151.44,2537859,34625,445534.01,0,0,0,0,3
2023-03-13,social,8276.99,1839332,27125,445534.01,0,0,0,0,3
2023-03-13,tiktok,4793.34,958668,9869,445534.01,0,0,0,0,3
2023-03-13,tv,30161.49,3770186,94310,445534.01,0,0,0,0,3
2023-03-20,digital,10084.48,2881279,33466,428379.85,0,0,0,0,3
2023-03-20,ooh,10139.62,1689937,48719,428379.85,0,0,0,0,3
2023-03-20,search,7139.48,1784870,25818,428379.85,0,0,0,0,3
2023-03-20,social,7283.76,1618614,29569,428379.85,0,0,0,0,3
2023-03-20,tiktok,3202.68,640537,4644,428379.85,0,0,0,0,3
2023-03-20,tv,25142.04,3142754,64253,428379.85,0,0,0,0,3
2023-03-27,digital,13114.99,3747141,59013,433486.91,0,0,0,0,3
2023-03-27,ooh,8915.08,1485847,25782,433486.91,0,0,0,0,3
2023-03-27,search,10359.21,2589801,19076,433486.91,0,0,0,0,3
2023-03-27,social,8386.91,1863758,54819,433486.91,0,0,0,0,3
2023-03-27,tiktok,4914.01,982802,7865,433486.91,0,0,0,0,3
2023-03-27,tv,32333.35,4041669,107522,433486.91,0,0,0,0,3
2023-04-03,digital,19947.57,5699306,90122,433824.14,0,0,0,0,4
2023-04-03,ooh,7875.79,1312631,16417,433824.14,0,0,0,0,4
2023-04-03,search,9425.4,2356350,21564,433824.14,0,0,0,0,4
2023-04-03,social,3259.91,724425,6999,433824.14,0,0,0,0,4
2023-04-03,tiktok,4950.38,990076,6715,433824.14,0,0,0,0,4
2023-04-03,tv,30197.63,3774703,108414,433824.14,0,0,0,0,4
2023-04-10,digital,13743.44,3926697,44473,401080.38,0,0,0,0,4
2023-04-10,ooh,11601.3,1933550,32737,401080.38,0,0,0,0,4
2023-04-10,search,8496.19,2124049,49018,401080.38,0,0,0,0,4
2023-04-10,social,8498.36,1888525,23673,401080.38,0,0,0,0,4
2023-04-10,tiktok,5062.68,1012537,30118,401080.38,0,0,0,0,4
2023-04-10,tv,35894.2,4486775,61458,401080.38,0,0,0,0,4
2023-04-17,digital,16965.01,4847145,118245,437067.3,0,0,0,0,4
2023-04-17,ooh,11373.83,1895638,26523,437067.3,0,0,0,0,4
2023-04-17,search,8718.66,2179665,32101,437067.3,0,0,0,0,4
2023-04-17,social,2138.56,475235,2745,437067.3,0,0,0,0,4
2023-04-17,tiktok,4099.75,819950,5618,437067.3,0,0,0,0,4
2023-04-17,tv,30225.21,3778152,27446,437067.3,0,0,0,0,4
2023-04-24,digital,13456.4,3844684,93411,388335.28,0,0,0,0,4
2023-04-24,ooh,6793.94,1132323,12014,388335.28,0,0,0,0,4
2023-04-24,search,7655.98,1913996,19836,388335.28,0,0,0,0,4
2023-04-24,social,5195.74,1154609,17084,388335.28,0,0,0,0,4
2023-04-24,tiktok,5898.5,1179699,9807,388335.28,0,0,0,0,4
2023-04-24,tv,18119.53,2264941,24118,388335.28,0,0,0,0,4
2023-05-01,digital,19216.42,5490405,79380,432013.04,0,0,0,1,5
2023-05-01,ooh,13435.34,2239223,13769,432013.04,0,0,0,1,5
2023-05-01,search,12501.72,3125431,59592,432013.04,0,0,0,1,5
2023-05-01,social,11263.32,2502960,25041,432013.04,0,0,0,1,5
2023-05-01,tiktok,7609.06,1521813,39082,432013.04,0,0,0,1,5
2023-05-01,tv,33972.14,4246518,67715,432013.04,0,0,0,1,5
2023-05-08,digital,13121.85,3749100,97020,447554.64,0,0,0,0,5
2023-05-08,ooh,12732.55,2122091,29296,447554.64,0,0,0,0,5
2023-05-08,search,8043.21,2010803,48035,447554.64,0,0,0,0,5
2023-05-08,social,8724.11,1938692,42653,447554.64,0,0,0,0,5
2023-05-08,tiktok,3722.26,744453,14521,447554.64,0,0,0,0,5
2023-05-08,tv,20322.94,2540367,72762,447554.64,0,0,0,0,5
2023-05-15,digital,12848.27,3670935,37909,432596.82,0,0,0,0,5
2023-05-15,ooh,12895.59,2149265,48972,432596.82,0,0,0,0,5
2023-05-15,search,6694.07,1673518,19138,432596.82,0,0,0,0,5
2023-05-15,social,6125.51,1361224,12977,432596.82,0,0,0,0,5
2023-05-15,tiktok,6064.68,1212936,29548,432596.82,0,0,0,0,5
2023-05-15,tv,23845.64,2980705,43094,432596.82,0,0,0,0,5
2023-05-22,digital,11252.44,3214984,16421,445630.18,0,0,0,0,5
2023-05-22,ooh,12852.53,2142088,11698,445630.18,0,0,0,0,5
2023-05-22,search,6615.67,1653916,42456,445630.18,0,0,0,0,5
2023-05-22,social,6859.25,1524279,33336,445630.18,0,0,0,0,5
2023-05-22,tiktok,7521.35,1504269,31248,445630.18,0,0,0,0,5
2023-05-22,tv,34719.55,4339944,105328,445630.18,0,0,0,0,5
2023-05-29,digital,14509.41,4145547,79923,412716.14,0,0,0,0,5
2023-05-29,ooh,10770.92,1795153,28686,412716.14,0,0,0,0,5
2023-05-29,search,9213.88,2303470,64929,412716.14,0,0,0,0,5
2023-05-29,social,10213.0,2269557,26297,412716.14,0,0,0,0,5
2023-05-29,tiktok,5527.66,1105532,29909,412716.14,0,0,0,0,5
2023-05-29,tv,30126.25,3765782,69712,412716.14,0,0,0,0,5
2023-06-05,digital,11108.51,3173861,94746,392226.63,0,0,0,0,6
2023-06-05,ooh,8900.72,1483453,31301,392226.63,0,0,0,0,6
2023-06-05,search,11744.74,2936185,58532,392226.63,0,0,0,0,6
2023-06-05,social,7255.56,1612347,22380,392226.63,0,0,0,0,6
2023-06-05,tiktok,4994.18,998835,20937,392226.63,0,0,0,0,6
2023-06-05,tv,23034.31,2879289,27555,392226.63,0,0,0,0,6
2023-06-12,digital,15203.87,4343963,25917,408745.86,0,0,0,0,6
2023-06-12,ooh,8407.67,1401278,28390,408745.86,0,0,0,0,6
2023-06-12,search,9231.39,2307848,50135,408745.86,0,0,0,0,6
2023-06-12,social,11662.04,2591564,35560,408745.86,0,0,0,0,6
2023-06-12,tiktok,5214.67,1042934,18828,408745.86,0,0,0,0,6
2023-06-12,tv,21394.76,2674346,34816,408745.86,0,0,0,0,6
2023-06-19,digital,16365.5,4675856,47694,415325.92,0,0,0,0,6
2023-06-19,ooh,11498.83,1916472,46793,415325.92,0,0,0,0,6
2023-06-19,search,8751.81,2187952,13816,415325.92,0,0,0,0,6
2023-06-19,social,8064.97,1792215,41075,415325.92,0,0,0,0,6
2023-06-19,tiktok,6040.57,1208113,27568,415325.92,0,0,0,0,6
2023-06-19,tv,27069.87,3383734,72174,415325.92,0,0,0,0,6
2023-06-26,digital,14463.67,4132476,74272,411271.66,0,0,0,0,6
2023-06-26,ooh,11598.42,1933070,48835,411271.66,0,0,0,0,6
2023-06-26,search,9497.44,2374359,67997,411271.66,0,0,0,0,6
2023-06-26,social,8745.32,1943404,32382,411271.66,0,0,0,0,6
2023-06-26,tiktok,3524.55,704909,11409,411271.66,0,0,0,0,6
2023-06-26,tv,20393.96,2549245,55628,411271.66,0,0,0,0,6
2023-07-03,digital,12731.69,3637626,91845,408894.36,0,0,1,0,7
2023-07-03,ooh,13585.5,2264250,51608,408894.36,0,0,1,0,7
2023-07-03,search,11354.87,2838718,42047,408894.36,0,0,1,0,7
2023-07-03,social,10723.18,2382929,33438,408894.36,0,0,1,0,7
2023-07-03,tiktok,5579.54,1115908,15234,408894.36,0,0,1,0,7
2023-07-03,tv,23384.22,2923028,46386,408894.36,0,0,1,0,7
2023-07-10,digital,19191.45,5483271,39622,405410.57,0,0,1,1,7
2023-07-10,ooh,17171.72,2861953,21665,405410.57,0,0,1,1,7
2023-07-10,search,12244.0,3060999,86006,405410.57,0,0,1,1,7
2023-07-10,social,10833.05,2407346,63351,405410.57,0,0,1,1,7
2023-07-10,tiktok,6488.03,1297605,21659,405410.57,0,0,1,1,7
2023-07-10,tv,37383.87,4672983,50076,405410.57,0,0,1,1,7
2023-07-17,digital,12725.6,3635886,54105,393841.95,0,0,1,0,7
2023-07-17,ooh,10563.38,1760563,29710,393841.95,0,0,1,0,7
2023-07-17,search,8298.82,2074705,40404,393841.95,0,0,1,0,7
2023-07-17,social,6506.38,1445862,27903,393841.95,0,0,1,0,7
2023-07-17,tiktok,7430.11,1486022,13735,393841.95,0,0,1,0,7
2023-07-17,tv,33393.56,4174195,96205,393841.95,0,0,1,0,7
2023-07-24,digital,16135.11,4610033,109151,365613.52,0,0,1,0,7
2023-07-24,ooh,8167.76,1361294,27342,365613.52,0,0,1,0,7
2023-07-24,search,11066.17,2766543,14152,365613.52,0,0,1,0,7
2023-07-24,social,7976.19,1772487,18338,365613.52,0,0,1,0,7
2023-07-24,tiktok,5247.39,1049477,26147,365613.52,0,0,1,0,7
2023-07-24,tv,30493.57,3811696,35151,365613.52,0,0,1,0,7
2023-07-31,digital,8631.86,2466247,35239,386578.46,0,0,1,0,7
2023-07-31,ooh,10201.33,1700221,18939,386578.46,0,0,1,0,7
2023-07-31,search,9859.32,2464831,14699,386578.46,0,0,1,0,7
2023-07-31,social,8114.37,1803194,49592,386578.46,0,0,1,0,7
2023-07-31,tiktok,7265.85,1453169,16737,386578.46,0,0,1,0,7
2023-07-31,tv,14758.1,1844763,52422,386578.46,0,0,1,0,7
2023-08-07,digital,12733.79,3638226,35367,378194.74,0,0,1,0,8
2023-08-07,ooh,11394.43,1899072,11516,378194.74,0,0,1,0,8
2023-08-07,search,11895.08,2973769,65454,378194.74,0,0,1,0,8
2023-08-07,social,5954.55,1323234,17951,378194.74,0,0,1,0,8
2023-08-07,tiktok,4254.72,850943,7521,378194.74,0,0,1,0,8
2023-08-07,tv,28961.84,3620230,35108,378194.74,0,0,1,0,8
2023-08-14,digital,8232.56,2352159,23257,357758.58,0,0,1,0,8
2023-08-14,ooh,10500.94,1750156,18534,357758.58,0,0,1,0,8
2023-08-14,search,9453.55,2363388,45062,357758.58,0,0,1,0,8
2023-08-14,social,7787.48,1730550,10339,357758.58,0,0,1,0,8
2023-08-14,tiktok,6114.26,1222853,13646,357758.58,0,0,1,0,8
2023-08-14,tv,27752.2,3469026,26652,357758.58,0,0,1,0,8
2023-08-21,digital,9609.19,2745482,41872,364087.71,0,0,1,0,8
2023-08-21,ooh,9698.96,1616494,26466,364087.71,0,0,1,0,8
2023-08-21,search,6900.7,1725174,9770,364087.71,0,0,1,0,8
2023-08-21,social,7003.96,1556435,27028,364087.71,0,0,1,0,8
2023-08-21,tiktok,5833.49,1166699,30395,364087.71,0,0,1,0,8
2023-08-21,tv,29685.58,3710698,64719,364087.71,0,0,1,0,8
2023-08-28,digital,17484.2,4995485,84850,369774.98,0,0,1,0,8
2023-08-28,ooh,11545.5,1924250,29534,369774.98,0,0,1,0,8
2023-08-28,search,6652.13,1663032,39225,369774.98,0,0,1,0,8
2023-08-28,social,9766.02,2170226,17575,369774.98,0,0,1,0,8
2023-08-28,tiktok,4539.78,907957,12035,369774.98,0,0,1,0,8
2023-08-28,tv,36355.01,4544376,81748,369774.98,0,0,1,0,8
2023-09-04,digital,16230.78,4637364,123100,395612.99,0,0,0,0,9
2023-09-04,ooh,9902.9,1650483,15542,395612.99,0,0,0,0,9
2023-09-04,search,12207.67,3051918,80277,395612.99,0,0,0,0,9
2023-09-04,social,8316.85,1848190,20259,395612.99,0,0,0,0,9
2023-09-04,tiktok,5701.82,1140363,25260,395612.99,0,0,0,0,9
2023-09-04,tv,16171.14,2021392,35788,395612.99,0,0,0,0,9
2023-09-11,digital,11810.09,3374312,71051,436904.3,0,0,0,0,9
2023-09-11,ooh,9649.85,1608308,41189,436904.3,0,0,0,0,9
2023-09-11,search,12367.21,3091802,53830,436904.3,0,0,0,0,9
2023-09-11,social,7808.95,1735322,41089,436904.3,0,0,0,0,9
2023-09-11,tiktok,6856.22,1371243,36215,436904.3,0,0,0,0,9
2023-09-11,tv,24328.58,3041072,48404,436904.3,0,0,0,0,9
2023-09-18,digital,9670.01,2762861,61501,394160.56,0,0,0,0,9
2023-09-18,ooh,11748.25,1958041,55104,394160.56,0,0,0,0,9
2023-09-18,search,8885.23,2221309,36971,394160.56,0,0,0,0,9
2023-09-18,social,8118.37,1804082,14918,394160.56,0,0,0,0,9
2023-09-18,tiktok,5171.58,1034317,7182,394160.56,0,0,0,0,9
2023-09-18,tv,30915.91,3864489,115434,394160.56,0,0,0,0,9
2023-09-25,digital,5639.57,1611305,47654,382422.78,0,0,0,0,9
2023-09-25,ooh,10191.56,1698593,17043,382422.78,0,0,0,0,9
2023-09-25,search,8527.7,2131925,10951,382422.78,0,0,0,0,9
2023-09-25,social,8682.85,1929522,48573,382422.78,0,0,0,0,9
2023-09-25,tiktok,3666.16,733232,17690,382422.78,0,0,0,0,9
2023-09-25,tv,18942.38,2367797,40624,382422.78,0,0,0,0,9
2023-10-02,digital,12373.27,3535220,54075,354065.02,0,0,0,0,10
2023-10-02,ooh,11648.0,1941334,54822,354065.02,0,0,0,0,10
2023-10-02,search,11959.92,2989981,73752,354065.02,0,0,0,0,10
2023-10-02,social,9356.89,2079308,59100,354065.02,0,0,0,0,10
2023-10-02,tiktok,5533.4,1106680,14046,354065.02,0,0,0,0,10
2023-10-02,tv,35960.32,4495040,76185,354065.02,0,0,0,0,10
2023-10-09,digital,20645.51,5898717,88975,380393.94,0,0,0,0,10
2023-10-09,ooh,11737.13,1956189,10654,380393.94,0,0,0,0,10
2023-10-09,search,7220.8,1805201,23951,380393.94,0,0,0,0,10
2023-10-09,social,6677.9,1483978,29922,380393.94,0,0,0,0,10
2023-10-09,tiktok,4560.21,912041,9499,380393.94,0,0,0,0,10
2023-10-09,tv,29872.31,3734038,58042,380393.94,0,0,0,0,10
2023-10-16,digital,15152.81,4329374,121585,392343.87,0,0,0,0,10
2023-10-16,ooh,8610.82,1435136,40362,392343.87,0,0,0,0,10
2023-10-16,search,7630.51,1907628,51447,392343.87,0,0,0,0,10
2023-10-16,social,6621.79,1471508,33490,392343.87,0,0,0,0,10
2023-10-16,tiktok,5194.34,1038868,23086,392343.87,0,0,0,0,10
2023-10-16,tv,32601.31,4075163,27184,392343.87,0,0,0,0,10
2023-10-23,digital,12405.98,3544566,39511,385318.73,0,0,0,0,10
2023-10-23,ooh,10099.86,1683311,48476,385318.73,0,0,0,0,10
2023-10-23,search,10511.15,2627788,37647,385318.73,0,0,0,0,10
2023-10-23,social,10233.41,2274091,51939,385318.73,0,0,0,0,10
2023-10-23,tiktok,5496.56,1099313,30500,385318.73,0,0,0,0,10
2023-10-23,tv,24748.42,3093553,61326,385318.73,0,0,0,0,10
2023-10-30,digital,15300.46,4371560,101619,429618.49,0,0,0,0,10
2023-10-30,ooh,14418.96,2403160,12740,429618.49,0,0,0,0,10
2023-10-30,search,8595.75,2148937,41103,429618.49,0,0,0,0,10
2023-10-30,social,7706.39,1712530,51068,429618.49,0,0,0,0,10
2023-10-30,tiktok,3689.24,737849,9131,429618.49,0,0,0,0,10
2023-10-30,tv,32553.33,4069166,43537,429618.49,0,0,0,0,10
2023-11-06,digital,9648.18,2756622,65785,395142.04,0,0,0,0,11
2023-11-06,ooh,8613.78,1435630,34563,395142.04,0,0,0,0,11
2023-11-06,search,9342.03,2335508,27462,395142.04,0,0,0,0,11
2023-11-06,social,6031.5,1340332,18146,395142.04,0,0,0,0,11
2023-11-06,tiktok,3797.89,759577,14600,395142.04,0,0,0,0,11
2023-11-06,tv,34050.0,4256250,89127,395142.04,0,0,0,0,11
2023-11-13,digital,13220.59,3777311,28121,427186.1,0,0,0,0,11
2023-11-13,ooh,6484.74,1080790,31619,427186.1,0,0,0,0,11
2023-11-13,search,9064.64,2266161,20429,427186.1,0,0,0,0,11
2023-11-13,social,9182.48,2040552,18511,427186.1,0,0,0,0,11
2023-11-13,tiktok,6164.67,1232935,15098,427186.1,0,0,0,0,11
2023-11-13,tv,29422.28,3677785,23063,427186.1,0,0,0,0,11
2023-11-20,digital,20112.01,5746289,95996,477409.29,0,1,0,0,11
2023-11-20,ooh,9901.34,1650224,45625,477409.29,0,1,0,0,11
2023-11-20,search,14034.03,3508508,85512,477409.29,0,1,0,0,11
2023-11-20,social,12928.31,2872957,51653,477409.29,0,1,0,0,11
2023-11-20,tiktok,7063.24,1412649,26639,477409.29,0,1,0,0,11
2023-11-20,tv,41288.28,5161035,152430,477409.29,0,1,0,0,11
2023-11-27,digital,19420.05,5548585,55564,483485.47,0,1,0,0,11
2023-11-27,ooh,15900.29,2650049,77561,483485.47,0,1,0,0,11
2023-11-27,search,16881.85,4220464,73498,483485.47,0,1,0,0,11
2023-11-27,social,8226.5,1828112,33512,483485.47,0,1,0,0,11
2023-11-27,tiktok,3849.71,769943,15820,483485.47,0,1,0,0,11
2023-11-27,tv,41657.47,5207184,87091,483485.47,0,1,0,0,11
2023-12-04,digital,16380.51,4680146,45090,412770.77,0,0,0,0,12
2023-12-04,ooh,11384.8,1897467,35593,412770.77,0,0,0,0,12
2023-12-04,search,9599.86,2399964,44189,412770.77,0,0,0,0,12
2023-12-04,social,8875.61,1972358,18634,412770.77,0,0,0,0,12
2023-12-04,tiktok,6545.46,1309092,26520,412770.77,0,0,0,0,12
2023-12-04,tv,23402.79,2925349,80210,412770.77,0,0,0,0,12
2023-12-11,digital,15149.48,4328424,71833,413709.26,0,0,0,0,12
2023-12-11,ooh,11071.37,1845228,12832,413709.26,0,0,0,0,12
2023-12-11,search,10665.22,2666306,77684,413709.26,0,0,0,0,12
2023-12-11,social,9754.56,2167680,44064,413709.26,0,0,0,0,12
2023-12-11,tiktok,5977.85,1195569,24615,413709.26,0,0,0,0,12
2023-12-11,tv,27508.82,3438602,58075,413709.26,0,0,0,0,12
2023-12-18,digital,16099.87,4599964,56284,444469.35,0,0,0,0,12
2023-12-18,ooh,14120.24,2353374,61764,444469.35,0,0,0,0,12
2023-12-18,search,5585.64,1396410,40621,444469.35,0,0,0,0,12
2023-12-18,social,9158.99,2035332,10895,444469.35,0,0,0,0,12
2023-12-18,tiktok,4869.59,973918,8159,444469.35,0,0,0,0,12
2023-12-18,tv,27536.8,3442100,22402,444469.35,0,0,0,0,12
2023-12-25,digital,15952.88,4557967,113500,426323.16,1,0,0,1,12
2023-12-25,ooh,6888.35,1148058,23358,426323.16,1,0,0,1,12
2023-12-25,search,12213.05,3053264,80579,426323.16,1,0,0,1,12
2023-12-25,social,12502.89,2778420,78328,426323.16,1,0,0,1,12
2023-12-25,tiktok,5451.04,1090209,24354,426323.16,1,0,0,1,12
2023-12-25,tv,39836.77,4979596,127255,426323.16,1,0,0,1,12
2024-01-01,digital,16820.19,4805768,133072,374604.25,0,0,0,0,1
2024-01-01,ooh,12311.08,2051847,41793,374604.25,0,0,0,0,1
2024-01-01,search,7903.23,1975807,19146,374604.25,0,0,0,0,1
2024-01-01,social,6152.88,1367306,15880,374604.25,0,0,0,0,1
2024-01-01,tiktok,6657.34,1331468,29118,374604.25,0,0,0,0,1
2024-01-01,tv,34222.22,4277778,90709,374604.25,0,0,0,0,1
2024-01-08,digital,18943.79,5412512,135681,404569.14,0,0,0,0,1
2024-01-08,ooh,15000.72,2500120,38580,404569.14,0,0,0,0,1
2024-01-08,search,7203.77,1800943,35761,404569.14,0,0,0,0,1
2024-01-08,social,9140.84,2031298,12165,404569.14,0,0,0,0,1
2024-01-08,tiktok,6114.83,1222965,26984,404569.14,0,0,0,0,1
2024-01-08,tv,22527.37,2815922,69114,404569.14,0,0,0,0,1
2024-01-15,digital,11539.67,3297049,38413,414416.51,0,0,0,0,1
2024-01-15,ooh,8870.63,1478438,28528,414416.51,0,0,0,0,1
2024-01-15,search,7868.74,1967185,53023,414416.51,0,0,0,0,1
2024-01-15,social,8070.71,1793490,13821,414416.51,0,0,0,0,1
2024-01-15,tiktok,8456.18,1691235,11588,414416.51,0,0,0,0,1
2024-01-15,tv,27919.55,3489943,54807,414416.51,0,0,0,0,1
2024-01-22,digital,11799.66,3371332,39962,431089.76,0,0,0,0,1
2024-01-22,ooh,10605.58,1767597,15625,431089.76,0,0,0,0,1
2024-01-22,search,8925.37,2231343,32046,431089.76,0,0,0,0,1
2024-01-22,social,7776.89,1728197,19021,431089.76,0,0,0,0,1
2024-01-22,tiktok,6220.98,1244196,20120,431089.76,0,0,0,0,1
2024-01-22,tv,37195.19,4649399,97398,431089.76,0,0,0,0,1
2024-01-29,digital,18216.4,5204686,59168,432037.87,0,0,0,0,1
2024-01-29,ooh,9768.9,1628149,38252,432037.87,0,0,0,0,1
2024-01-29,search,11339.45,2834862,21340,432037.87,0,0,0,0,1
2024-01-29,social,10127.28,2250506,26663,432037.87,0,0,0,0,1
2024-01-29,tiktok,6196.21,1239241,18869,432037.87,0,0,0,0,1
2024-01-29,tv,24475.74,3059468,80787,432037.87,0,0,0,0,1
2024-02-05,digital,13853.58,3958167,33153,409406.66,0,0,0,0,2
2024-02-05,ooh,9462.61,1577101,10843,409406.66,0,0,0,0,2
2024-02-05,search,7055.7,1763924,44582,409406.66,0,0,0,0,2
2024-02-05,social,11199.95,2488877,14486,409406.66,0,0,0,0,2
2024-02-05,tiktok,5569.57,1113914,7984,409406.66,0,0,0,0,2
2024-02-05,tv,24071.93,3008991,62517,409406.66,0,0,0,0,2
2024-02-12,digital,18486.39,5281825,151034,444501.44,0,0,0,0,2
2024-02-12,ooh,10793.62,1798937,41815,444501.44,0,0,0,0,2
2024-02-12,search,9681.53,2420383,41253,444501.44,0,0,0,0,2
2024-02-12,social,11768.29,2615175,31340,444501.44,0,0,0,0,2
2024-02-12,tiktok,6716.69,1343337,14185,444501.44,0,0,0,0,2
2024-02-12,tv,30035.77,3754471,51406,444501.44,0,0,0,0,2
2024-02-19,digital,13182.83,3766524,56691,445867.4,0,0,0,0,2
2024-02-19,ooh,14873.62,2478936,65009,445867.4,0,0,0,0,2
2024-02-19,search,8708.27,2177067,41603,445867.4,0,0,0,0,2
2024-02-19,social,10959.65,2435479,23925,445867.4,0,0,0,0,2
2024-02-19,tiktok,6508.41,1301681,20858,445867.4,0,0,0,0,2
2024-02-19,tv,33810.71,4226339,91134,445867.4,0,0,0,0,2
2024-02-26,digital,18709.22,5345492,56754,431381.62,0,0,0,0,2
2024-02-26,ooh,15853.91,2642319,44422,431381.62,0,0,0,0,2
2024-02-26,search,9028.14,2257035,66704,431381.62,0,0,0,0,2
2024-02-26,social,8504.33,1889851,27338,431381.62,0,0,0,0,2
2024-02-26,tiktok,7247.97,1449594,34171,431381.62,0,0,0,0,2
2024-02-26,tv,29050.11,3631263,79148,431381.62,0,0,0,0,2
2024-03-04,digital,14902.83,4257951,111417,450363.22,0,0,0,0,3
2024-03-04,ooh,10836.27,1806045,32050,450363.22,0,0,0,0,3
2024-03-04,search,11622.11,2905528,58634,450363.22,0,0,0,0,3
2024-03-04,social,9327.2,2072711,30322,450363.22,0,0,0,0,3
2024-03-04,tiktok,5202.78,1040556,11370,450363.22,0,0,0,0,3
2024-03-04,tv,36761.05,4595132,133326,450363.22,0,0,0,0,3
2024-03-11,digital,15301.45,4371842,65490,437336.95,0,0,0,0,3
2024-03-11,ooh,16074.98,2679163,34308,437336.95,0,0,0,0,3
2024-03-11,search,10743.94,2685986,41967,437336.95,0,0,0,0,3
2024-03-11,social,10068.87,2237527,30151,437336.95,0,0,0,0,3
2024-03-11,tiktok,5313.19,1062637,27356,437336.95,0,0,0,0,3
2024-03-11,tv,34086.54,4260818,60814,437336.95,0,0,0,0,3
2024-03-18,digital,19141.45,5468985,32146,422767.51,0,0,0,0,3
2024-03-18,ooh,11746.21,1957702,57236,422767.51,0,0,0,0,3
2024-03-18,search,12319.08,3079771,43886,422767.51,0,0,0,0,3
2024-03-18,social,8959.42,1990982,26277,422767.51,0,0,0,0,3
2024-03-18,tiktok,5272.82,1054565,19662,422767.51,0,0,0,0,3
2024-03-18,tv,34067.23,4258404,66546,422767.51,0,0,0,0,3
2024-03-25,digital,13551.11,3871746,35034,446219.85,0,0,0,0,3
2024-03-25,ooh,15785.34,2630889,61374,446219.85,0,0,0,0,3
2024-03-25,search,9437.77,2359443,36431,446219.85,0,0,0,0,3
2024-03-25,social,8994.06,1998681,14477,446219.85,0,0,0,0,3
2024-03-25,tiktok,6767.39,1353478,32498,446219.85,0,0,0,0,3
2024-03-25,tv,32453.96,4056745,102648,446219.85,0,0,0,0,3
2024-04-01,digital,11882.04,3394868,71229,432573.65,0,0,0,0,4
2024-04-01,ooh,11491.18,1915196,27243,432573.65,0,0,0,0,4
2024-04-01,search,8399.85,2099963,16716,432573.65,0,0,0,0,4
2024-04-01,social,10229.14,2273142,12798,432573.65,0,0,0,0,4
2024-04-01,tiktok,7609.39,1521877,25589,432573.65,0,0,0,0,4
2024-04-01,tv,42902.23,5362778,94621,432573.65,0,0,0,0,4
2024-04-08,digital,13350.39,3814397,93730,428448.89,0,0,0,0,4
2024-04-08,ooh,12040.44,2006740,18804,428448.89,0,0,0,0,4
2024-04-08,search,9339.67,2334917,58066,428448.89,0,0,0,0,4
2024-04-08,social,8695.34,1932299,19425,428448.89,0,0,0,0,4
2024-04-08,tiktok,5328.1,1065620,18627,428448.89,0,0,0,0,4
2024-04-08,tv,28128.69,3516086,82327,428448.89,0,0,0,0,4
2024-04-15,digital,16024.59,4578453,47036,457381.92,0,0,0,0,4
2024-04-15,ooh,12615.44,2102574,22055,457381.92,0,0,0,0,4
2024-04-15,search,10271.91,2567978,66621,457381.92,0,0,0,0,4
2024-04-15,social,7531.06,1673568,40025,457381.92,0,0,0,0,4
2024-04-15,tiktok,5378.7,1075739,22045,457381.92,0,0,0,0,4
2024-04-15,tv,17613.49,2201686,36312,457381.92,0,0,0,0,4
2024-04-22,digital,13147.27,3756363,104934,404973.78,0,0,0,1,4
2024-04-22,ooh,25048.82,4174804,69294,404973.78,0,0,0,1,4
2024-04-22,search,13211.62,3302904,39998,404973.78,0,0,0,1,4
2024-04-22,social,10532.84,2340630,69681,404973.78,0,0,0,1,4
2024-04-22,tiktok,8137.53,1627506,45894,404973.78,0,0,0,1,4
2024-04-22,tv,50566.01,6320751,65656,404973.78,0,0,0,1,4
2024-04-29,digital,16634.18,4752622,124875,400575.86,0,0,0,0,4
2024-04-29,ooh,13812.05,2302009,65755,400575.86,0,0,0,0,4
2024-04-29,search,7702.39,1925597,24253,400575.86,0,0,0,0,4
2024-04-29,social,9974.2,2216489,62534,400575.86,0,0,0,0,4
2024-04-29,tiktok,5611.23,1122246,19410,400575.86,0,0,0,0,4
2024-04-29,tv,26805.43,3350679,79177,400575.86,0,0,0,0,4
2024-05-06,digital,13189.41,3768402,98768,403044.8,0,0,0,0,5
2024-05-06,ooh,10153.01,1692169,39518,403044.8,0,0,0,0,5
2024-05-06,search,10033.19,2508298,67369,403044.8,0,0,0,0,5
2024-05-06,social,8874.66,1972148,34721,403044.8,0,0,0,0,5
2024-05-06,tiktok,7038.78,1407757,25644,403044.8,0,0,0,0,5
2024-05-06,tv,30202.4,3775300,31255,403044.8,0,0,0,0,5
2024-05-13,digital,18211.41,5203259,55631,421594.78,0,0,0,0,5
2024-05-13,ooh,14145.37,2357562,24474,421594.78,0,0,0,0,5
2024-05-13,search,10324.91,2581227,14453,421594.78,0,0,0,0,5
2024-05-13,social,9491.45,2109211,38589,421594.78,0,0,0,0,5
2024-05-13,tiktok,3256.38,651276,13058,421594.78,0,0,0,0,5
2024-05-13,tv,37381.03,4672629,46561,421594.78,0,0,0,0,5
2024-05-20,digital,7734.0,2209715,13840,419093.01,0,0,0,0,5
2024-05-20,ooh,11013.1,1835517,48621,419093.01,0,0,0,0,5
2024-05-20,search,14874.9,3718725,66980,419093.01,0,0,0,0,5
2024-05-20,social,10097.5,2243888,28867,419093.01,0,0,0,0,5
2024-05-20,tiktok,4954.64,990929,23225,419093.01,0,0,0,0,5
2024-05-20,tv,20169.43,2521178,52114,419093.01,0,0,0,0,5
2024-05-27,digital,12530.21,3580060,95536,390277.65,0,0,0,0,5
2024-05-27,ooh,10730.32,1788387,25851,390277.65,0,0,0,0,5
2024-05-27,search,13633.9,3408475,56553,390277.65,0,0,0,0,5
2024-05-27,social,8252.77,1833950,44654,390277.65,0,0,0,0,5
2024-05-27,tiktok,5017.02,1003404,6819,390277.65,0,0,0,0,5
2024-05-27,tv,22294.24,2786779,65996,390277.65,0,0,0,0,5
2024-06-03,digital,12835.23,3667209,46372,419719.88,0,0,0,1,6
2024-06-03,ooh,18309.96,3051659,80237,419719.88,0,0,0,1,6
2024-06-03,search,10708.53,2677133,59575,419719.88,0,0,0,1,6
2024-06-03,social,13378.37,2972972,71705,419719.88,0,0,0,1,6
2024-06-03,tiktok,4151.93,830385,14857,419719.88,0,0,0,1,6
2024-06-03,tv,26330.45,3291306,90074,419719.88,0,0,0,1,6
2024-06-10,digital,12460.72,3560207,72888,397736.82,0,0,0,0,6
2024-06-10,ooh,12016.18,2002697,22115,397736.82,0,0,0,0,6
2024-06-10,search,9379.63,2344907,21303,397736.82,0,0,0,0,6
2024-06-10,social,9635.07,2141126,55898,397736.82,0,0,0,0,6
2024-06-10,tiktok,4820.2,964039,16427,397736.82,0,0,0,0,6
2024-06-10,tv,25113.08,3139135,37088,397736.82,0,0,0,0,6
2024-06-17,digital,15697.29,4484941,107635,464336.29,0,0,0,0,6
2024-06-17,ooh,12631.8,2105300,43088,464336.29,0,0,0,0,6
2024-06-17,search,7052.58,1763145,38275,464336.29,0,0,0,0,6
2024-06-17,social,6757.66,1501702,41128,464336.29,0,0,0,0,6
2024-06-17,tiktok,4887.58,977516,27412,464336.29,0,0,0,0,6
2024-06-17,tv,32543.06,4067883,31600,464336.29,0,0,0,0,6
2024-06-24,digital,14448.32,4128093,33881,452232.37,0,0,0,0,6
2024-06-24,ooh,12021.92,2003653,56436,452232.37,0,0,0,0,6
2024-06-24,search,8810.05,2202513,31757,452232.37,0,0,0,0,6
2024-06-24,social,11584.93,2574428,40827,452232.37,0,0,0,0,6
2024-06-24,tiktok,5753.1,1150620,19949,452232.37,0,0,0,0,6
2024-06-24,tv,33113.05,4139131,119626,452232.37,0,0,0,0,6
2024-07-01,digital,14253.65,4072471,99861,382525.52,0,0,1,0,7
2024-07-01,ooh,12820.19,2136699,24460,382525.52,0,0,1,0,7
2024-07-01,search,10641.5,2660375,54452,382525.52,0,0,1,0,7
2024-07-01,social,8106.5,1801444,43544,382525.52,0,0,1,0,7
2024-07-01,tiktok,7342.66,1468532,24536,382525.52,0,0,1,0,7
2024-07-01,tv,31688.28,3961035,35097,382525.52,0,0,1,0,7
2024-07-08,digital,14564.61,4161316,118443,381465.22,0,0,1,0,7
2024-07-08,ooh,13057.72,2176286,48582,381465.22,0,0,1,0,7
2024-07-08,search,12447.74,3111935,18679,381465.22,0,0,1,0,7
2024-07-08,social,6038.31,1341846,33761,381465.22,0,0,1,0,7
2024-07-08,tiktok,5722.49,1144499,33253,381465.22,0,0,1,0,7
2024-07-08,tv,21585.89,2698237,26825,381465.22,0,0,1,0,7
2024-07-15,digital,15685.7,4481628,104016,356490.85,0,0,1,0,7
2024-07-15,ooh,7386.85,1231142,36544,356490.85,0,0,1,0,7
2024-07-15,search,8583.16,2145791,35498,356490.85,0,0,1,0,7
2024-07-15,social,7153.37,1589637,20207,356490.85,0,0,1,0,7
2024-07-15,tiktok,4786.07,957214,15569,356490.85,0,0,1,0,7
2024-07-15,tv,16217.47,2027184,24900,356490.85,0,0,1,0,7
2024-07-22,digital,12055.51,3444431,55216,339502.79,0,0,1,0,7
2024-07-22,ooh,13691.9,2281984,20001,339502.79,0,0,1,0,7
2024-07-22,search,8750.59,2187647,39501,339502.79,0,0,1,0,7
2024-07-22,social,7210.64,1602364,45236,339502.79,0,0,1,0,7
2024-07-22,tiktok,5971.84,1194367,11373,339502.79,0,0,1,0,7
2024-07-22,tv,30531.56,3816445,69592,339502.79,0,0,1,0,7
2024-07-29,digital,17269.66,4934190,132813,374147.78,0,0,1,0,7
2024-07-29,ooh,9727.14,1621190,11689,374147.78,0,0,1,0,7
2024-07-29,search,5755.11,1438779,14903,374147.78,0,0,1,0,7
2024-07-29,social,9173.12,2038470,15000,374147.78,0,0,1,0,7
2024-07-29,tiktok,7322.23,1464446,15264,374147.78,0,0,1,0,7
2024-07-29,tv,27405.98,3425748,92737,374147.78,0,0,1,0,7
2024-08-05,digital,17168.84,4905382,89211,359540.78,0,0,1,0,8
2024-08-05,ooh,8629.38,1438229,31432,359540.78,0,0,1,0,8
2024-08-05,search,9777.66,2444414,20755,359540.78,0,0,1,0,8
2024-08-05,social,8597.63,1910584,57044,359540.78,0,0,1,0,8
2024-08-05,tiktok,4880.25,976051,7203,359540.78,0,0,1,0,8
2024-08-05,tv,33105.01,4138126,99372,359540.78,0,0,1,0,8
2024-08-12,digital,21265.86,6075961,143510,406316.31,0,0,1,1,8
2024-08-12,ooh,15611.72,2601954,35109,406316.31,0,0,1,1,8
2024-08-12,search,10366.52,2591630,25170,406316.31,0,0,1,1,8
2024-08-12,social,11049.09,2455354,59548,406316.31,0,0,1,1,8
2024-08-12,tiktok,6459.76,1291952,6478,406316.31,0,0,1,1,8
2024-08-12,tv,45034.77,5629346,127808,406316.31,0,0,1,1,8
2024-08-19,digital,21985.05,6281443,160256,379809.24,0,0,1,1,8
2024-08-19,ooh,16092.28,2682046,18187,379809.24,0,0,1,1,8
2024-08-19,search,11792.19,2948046,40104,379809.24,0,0,1,1,8
2024-08-19,social,13340.99,2964665,21736,379809.24,0,0,1,1,8
2024-08-19,tiktok,8797.21,1759442,27797,379809.24,0,0,1,1,8
2024-08-19,tv,40660.06,5082508,47671,379809.24,0,0,1,1,8
2024-08-26,digital,16150.66,4614474,109519,370372.94,0,0,1,0,8
2024-08-26,ooh,10505.62,1750937,29560,370372.94,0,0,1,0,8
2024-08-26,search,8381.94,2095486,15549,370372.94,0,0,1,0,8
2024-08-26,social,9769.9,2171090,46474,370372.94,0,0,1,0,8
2024-08-26,tiktok,5828.49,1165699,28246,370372.94,0,0,1,0,8
2024-08-26,tv,35129.38,4391172,61222,370372.94,0,0,1,0,8
2024-09-02,digital,21493.28,6140938,74897,415193.9,0,0,0,0,9
2024-09-02,ooh,14251.79,2375299,56637,415193.9,0,0,0,0,9
2024-09-02,search,9991.88,2497970,71649,415193.9,0,0,0,0,9
2024-09-02,social,9744.83,2165518,12678,415193.9,0,0,0,0,9
2024-09-02,tiktok,6901.59,1380318,32212,415193.9,0,0,0,0,9
2024-09-02,tv,31952.17,3994021,67739,415193.9,0,0,0,0,9
2024-09-09,digital,15038.25,4296642,34142,412371.04,0,0,0,0,9
2024-09-09,ooh,8957.19,1492865,18106,412371.04,0,0,0,0,9
2024-09-09,search,6616.33,1654081,25018,412371.04,0,0,0,0,9
2024-09-09,social,9935.59,2207908,53552,412371.04,0,0,0,0,9
2024-09-09,tiktok,6105.23,1221045,7087,412371.04,0,0,0,0,9
2024-09-09,tv,33854.7,4231837,36756,412371.04,0,0,0,0,9
2024-09-16,digital,14392.12,4112033,45062,410129.46,0,0,0,0,9
2024-09-16,ooh,11268.69,1878116,25122,410129.46,0,0,0,0,9
2024-09-16,search,7223.18,1805796,45550,410129.46,0,0,0,0,9
2024-09-16,social,10334.05,2296456,57367,410129.46,0,0,0,0,9
2024-09-16,tiktok,6994.29,1398857,26927,410129.46,0,0,0,0,9
2024-09-16,tv,26345.59,3293199,38977,410129.46,0,0,0,0,9
2024-09-23,digital,13047.63,3727894,65506,377585.01,0,0,0,0,9
2024-09-23,ooh,10852.66,1808777,47286,377585.01,0,0,0,0,9
2024-09-23,search,14603.46,3650864,107191,377585.01,0,0,0,0,9
2024-09-23,social,5331.63,1184806,23768,377585.01,0,0,0,0,9
2024-09-23,tiktok,4873.02,974603,8632,377585.01,0,0,0,0,9
2024-09-23,tv,29622.07,3702758,47056,377585.01,0,0,0,0,9
2024-09-30,digital,12214.23,3489780,61532,418242.46,0,0,0,0,9
2024-09-30,ooh,12198.82,2033136,36600,418242.46,0,0,0,0,9
2024-09-30,search,7619.17,1904792,13369,418242.46,0,0,0,0,9
2024-09-30,social,8562.03,1902674,50272,418242.46,0,0,0,0,9
2024-09-30,tiktok,6141.89,1228379,35042,418242.46,0,0,0,0,9
2024-09-30,tv,31995.38,3999422,32723,418242.46,0,0,0,0,9
2024-10-07,digital,11582.78,3309365,64751,382240.66,0,0,0,0,10
2024-10-07,ooh,13024.83,2170805,56589,382240.66,0,0,0,0,10
2024-10-07,search,8025.51,2006378,42719,382240.66,0,0,0,0,10
2024-10-07,social,5218.07,1159570,8635,382240.66,0,0,0,0,10
2024-10-07,tiktok,5908.46,1181693,10853,382240.66,0,0,0,0,10
2024-10-07,tv,35903.27,4487909,84175,382240.66,0,0,0,0,10
2024-10-14,digital,12703.62,3629605,54000,417225.9,0,0,0,0,10
2024-10-14,ooh,9868.49,1644748,26579,417225.9,0,0,0,0,10
2024-10-14,search,14084.04,3521010,94311,417225.9,0,0,0,0,10
2024-10-14,social,9336.86,2074857,24687,417225.9,0,0,0,0,10
2024-10-14,tiktok,4677.16,935432,19332,417225.9,0,0,0,0,10
2024-10-14,tv,28466.68,3558335,80510,417225.9,0,0,0,0,10
2024-10-21,digital,15260.22,4360063,107573,409526.62,0,0,0,0,10
2024-10-21,ooh,14177.02,2362836,68107,409526.62,0,0,0,0,10
2024-10-21,search,16315.04,4078760,85066,409526.62,0,0,0,0,10
2024-10-21,social,9278.81,2061959,31660,409526.62,0,0,0,0,10
2024-10-21,tiktok,4255.52,851105,11197,409526.62,0,0,0,0,10
2024-10-21,tv,34184.93,4273116,28836,409526.62,0,0,0,0,10
2024-10-28,digital,16544.92,4727120,131550,378201.72,0,0,0,0,10
2024-10-28,ooh,12562.78,2093796,44535,378201.72,0,0,0,0,10
2024-10-28,search,7916.21,1979053,31122,378201.72,0,0,0,0,10
2024-10-28,social,11250.54,2500120,15154,378201.72,0,0,0,0,10
2024-10-28,tiktok,7054.0,1410799,29682,378201.72,0,0,0,0,10
2024-10-28,tv,29367.07,3670884,62508,378201.72,0,0,0,0,10
2024-11-04,digital,15696.02,4484576,50084,399527.29,0,0,0,0,11
2024-11-04,ooh,7726.42,1287737,10170,399527.29,0,0,0,0,11
2024-11-04,search,9595.2,2398799,37846,399527.29,0,0,0,0,11
2024-11-04,social,11536.54,2563677,41545,399527.29,0,0,0,0,11
2024-11-04,tiktok,5778.62,1155723,17690,399527.29,0,0,0,0,11
2024-11-04,tv,30343.69,3792961,93137,399527.29,0,0,0,0,11
2024-11-11,digital,17137.7,4896485,114642,442577.93,0,0,0,1,11
2024-11-11,ooh,9847.34,1641223,44522,442577.93,0,0,0,1,11
2024-11-11,search,14412.21,3603052,21249,442577.93,0,0,0,1,11
2024-11-11,social,12633.98,2807552,32653,442577.93,0,0,0,1,11
2024-11-11,tiktok,6439.44,1287888,30898,442577.93,0,0,0,1,11
2024-11-11,tv,47186.38,5898298,139788,442577.93,0,0,0,1,11
2024-11-18,digital,18402.87,5257962,115409,426967.49,0,0,0,0,11
2024-11-18,ooh,12445.39,2074232,35742,426967.49,0,0,0,0,11
2024-11-18,search,13991.35,3497838,64238,426967.49,0,0,0,0,11
2024-11-18,social,8420.71,1871269,27729,426967.49,0,0,0,0,11
2024-11-18,tiktok,6118.07,1223614,13175,426967.49,0,0,0,0,11
2024-11-18,tv,18757.48,2344685,59501,426967.49,0,0,0,0,11
2024-11-25,digital,25108.63,7173896,129684,479633.65,0,1,0,0,11
2024-11-25,ooh,16725.75,2787625,23809,479633.65,0,1,0,0,11
2024-11-25,search,11704.4,2926099,87311,479633.65,0,1,0,0,11
2024-11-25,social,14397.8,3199512,50001,479633.65,0,1,0,0,11
2024-11-25,tiktok,10723.48,2144696,59290,479633.65,0,1,0,0,11
2024-11-25,tv,32404.19,4050524,65643,479633.65,0,1,0,0,11
2024-12-02,digital,15153.42,4329550,42054,444570.93,0,0,0,0,12
2024-12-02,ooh,12263.56,2043927,18022,444570.93,0,0,0,0,12
2024-12-02,search,9923.57,2480891,71866,444570.93,0,0,0,0,12
2024-12-02,social,8400.3,1866734,50374,444570.93,0,0,0,0,12
2024-12-02,tiktok,3405.22,681044,11922,444570.93,0,0,0,0,12
2024-12-02,tv,22026.06,2753257,70246,444570.93,0,0,0,0,12
2024-12-09,digital,13634.42,3895548,96924,430723.42,0,0,0,0,12
2024-12-09,ooh,12475.59,2079266,46135,430723.42,0,0,0,0,12
2024-12-09,search,12080.23,3020057,18150,430723.42,0,0,0,0,12
2024-12-09,social,9406.73,2090385,24580,430723.42,0,0,0,0,12
2024-12-09,tiktok,4395.25,879050,21011,430723.42,0,0,0,0,12
2024-12-09,tv,16725.97,2090746,23038,430723.42,0,0,0,0,12
2024-12-16,digital,17434.59,4981312,144536,407483.86,0,0,0,0,12
2024-12-16,ooh,13136.05,2189341,13540,407483.86,0,0,0,0,12
2024-12-16,search,11384.96,2846240,64453,407483.86,0,0,0,0,12
2024-12-16,social,11285.99,2507998,68578,407483.86,0,0,0,0,12
2024-12-16,tiktok,5124.54,1024907,26897,407483.86,0,0,0,0,12
2024-12-16,tv,27160.02,3395002,47599,407483.86,0,0,0,0,12
2024-12-23,digital,16332.08,4666307,107539,469355.53,1,0,0,0,12
2024-12-23,ooh,14978.87,2496478,30369,469355.53,1,0,0,0,12
2024-12-23,search,9704.11,2426027,30432,469355.53,1,0,0,0,12
2024-12-23,social,8390.65,1864590,29179,469355.53,1,0,0,0,12
2024-12-23,tiktok,8136.08,1627217,48769,469355.53,1,0,0,0,12
2024-12-23,tv,36199.18,4524897,42574,469355.53,1,0,0,0,12
2024-12-30,digital,11202.15,3200614,89446,492807.07,1,0,0,0,12
2024-12-30,ooh,9812.06,1635343,13892,492807.07,1,0,0,0,12
2024-12-30,search,10231.53,2557882,70533,492807.07,1,0,0,0,12
2024-12-30,social,10986.22,2441382,32215,492807.07,1,0,0,0,12
2024-12-30,tiktok,6664.24,1332848,14126,492807.07,1,0,0,0,12
2024-12-30,tv,29741.73,3717717,62038,492807.07,1,0,0,0,12
2025-01-06,digital,15583.59,4452455,131813,456278.82,0,0,0,0,1
2025-01-06,ooh,9676.27,1612711,25847,456278.82,0,0,0,0,1
2025-01-06,search,7636.11,1909027,11698,456278.82,0,0,0,0,1
2025-01-06,social,10763.25,2391834,42007,456278.82,0,0,0,0,1
2025-01-06,tiktok,7289.14,1457829,17745,456278.82,0,0,0,0,1
2025-01-06,tv,32846.68,4105835,60773,456278.82,0,0,0,0,1
2025-01-13,digital,16656.89,4759111,65682,394119.7,0,0,0,0,1
2025-01-13,ooh,9893.22,1648869,25325,394119.7,0,0,0,0,1
2025-01-13,search,10048.99,2512247,71340,394119.7,0,0,0,0,1
2025-01-13,social,7683.02,1707339,26367,394119.7,0,0,0,0,1
2025-01-13,tiktok,4887.3,977461,11007,394119.7,0,0,0,0,1
2025-01-13,tv,38550.64,4818830,53119,394119.7,0,0,0,0,1
2025-01-20,digital,13003.26,3715217,77855,403121.84,0,0,0,0,1
2025-01-20,ooh,13418.15,2236359,40359,403121.84,0,0,0,0,1
2025-01-20,search,10007.77,2501943,64893,403121.84,0,0,0,0,1
2025-01-20,social,11366.97,2525994,28883,403121.84,0,0,0,0,1
2025-01-20,tiktok,4922.43,984486,11392,403121.84,0,0,0,0,1
2025-01-20,tv,40133.86,5016732,119371,403121.84,0,0,0,0,1
2025-01-27,digital,21435.23,6124350,103185,486267.47,0,0,0,1,1
2025-01-27,ooh,20634.43,3439072,41238,486267.47,0,0,0,1,1
2025-01-27,search,14406.7,3601674,28589,486267.47,0,0,0,1,1
2025-01-27,social,14121.82,3138182,55128,486267.47,0,0,0,1,1
2025-01-27,tiktok,9000.28,1800056,35211,486267.47,0,0,0,1,1
2025-01-27,tv,40731.15,5091393,65405,486267.47,0,0,0,1,1
2025-02-03,digital,11283.96,3223988,95642,407788.76,0,0,0,0,2
2025-02-03,ooh,11633.28,1938881,11248,407788.76,0,0,0,0,2
2025-02-03,search,9431.31,2357827,15316,407788.76,0,0,0,0,2
2025-02-03,social,9743.36,2165192,19043,407788.76,0,0,0,0,2
2025-02-03,tiktok,6440.0,1288000,38431,407788.76,0,0,0,0,2
2025-02-03,tv,40445.7,5055712,59759,407788.76,0,0,0,0,2
2025-02-10,digital,20204.26,5772645,42401,404097.41,0,0,0,0,2
2025-02-10,ooh,6373.08,1062181,21626,404097.41,0,0,0,0,2
2025-02-10,search,11631.43,2907858,75220,404097.41,0,0,0,0,2
2025-02-10,social,8107.63,1801696,24860,404097.41,0,0,0,0,2
2025-02-10,tiktok,7077.33,1415465,42120,404097.41,0,0,0,0,2
2025-02-10,tv,32474.63,4059328,33580,404097.41,0,0,0,0,2
2025-02-17,digital,19959.18,5702622,87304,421718.12,0,0,0,0,2
2025-02-17,ooh,8423.32,1403886,20136,421718.12,0,0,0,0,2
2025-02-17,search,12805.15,3201286,28472,421718.12,0,0,0,0,2
2025-02-17,social,7936.7,1763711,33766,421718.12,0,0,0,0,2
2025-02-17,tiktok,6149.23,1229845,22345,421718.12,0,0,0,0,2
2025-02-17,tv,26595.0,3324375,53092,421718.12,0,0,0,0,2
2025-02-24,digital,15193.48,4340993,116723,438267.61,0,0,0,0,2
2025-02-24,ooh,10668.5,1778084,37844,438267.61,0,0,0,0,2
2025-02-24,search,10999.36,2749839,50521,438267.61,0,0,0,0,2
2025-02-24,social,8568.55,1904123,29200,438267.61,0,0,0,0,2
2025-02-24,tiktok,6756.71,1351341,28345,438267.61,0,0,0,0,2
2025-02-24,tv,28198.68,3524835,44322,438267.61,0,0,0,0,2
2025-03-03,digital,17195.93,4913122,59455,427223.88,0,0,0,0,3
2025-03-03,ooh,11394.0,1898999,14654,427223.88,0,0,0,0,3
2025-03-03,search,11438.95,2859737,79768,427223.88,0,0,0,0,3
2025-03-03,social,10662.16,2369370,60651,427223.88,0,0,0,0,3
2025-03-03,tiktok,6615.04,1323008,35059,427223.88,0,0,0,0,3
2025-03-03,tv,22567.71,2820964,40147,427223.88,0,0,0,0,3
2025-03-10,digital,8319.16,2376904,58697,411110.4,0,0,0,0,3
2025-03-10,ooh,11798.37,1966395,10509,411110.4,0,0,0,0,3
2025-03-10,search,10820.27,2705068,51900,411110.4,0,0,0,0,3
2025-03-10,social,7794.16,1732036,19776,411110.4,0,0,0,0,3
2025-03-10,tiktok,7423.13,1484625,42050,411110.4,0,0,0,0,3
2025-03-10,tv,26414.1,3301762,35989,411110.4,0,0,0,0,3
2025-03-17,digital,12367.88,3533680,51484,412520.43,0,0,0,0,3
2025-03-17,ooh,12970.28,2161714,24227,412520.43,0,0,0,0,3
2025-03-17,search,10725.99,2681497,40037,412520.43,0,0,0,0,3
2025-03-17,social,10497.91,2332868,68223,412520.43,0,0,0,0,3
2025-03-17,tiktok,7474.18,1494836,15093,412520.43,0,0,0,0,3
2025-03-17,tv,29873.41,3734176,89915,412520.43,0,0,0,0,3
2025-03-24,digital,15170.73,4334495,127865,412492.28,0,0,0,0,3
2025-03-24,ooh,12090.25,2015042,33074,412492.28,0,0,0,0,3
2025-03-24,search,9194.51,2298627,37066,412492.28,0,0,0,0,3
2025-03-24,social,7268.93,1615318,39766,412492.28,0,0,0,0,3
2025-03-24,tiktok,4358.4,871680,15876,412492.28,0,0,0,0,3
2025-03-24,tv,37416.27,4677034,132127,412492.28,0,0,0,0,3
2025-03-31,digital,12684.48,3624136,98171,412462.4,0,0,0,0,3
2025-03-31,ooh,15628.37,2604729,38685,412462.4,0,0,0,0,3
2025-03-31,search,11445.9,2861474,18823,412462.4,0,0,0,0,3
2025-03-31,social,9292.66,2065035,60278,412462.4,0,0,0,0,3
2025-03-31,tiktok,3555.82,711164,18363,412462.4,0,0,0,0,3
2025-03-31,tv,43407.5,5425938,94673,412462.4,0,0,0,0,3
2025-04-07,digital,18486.99,5281998,66199,479266.33,0,0,0,0,4
2025-04-07,ooh,11191.03,1865171,47110,479266.33,0,0,0,0,4
2025-04-07,search,10574.05,2643511,77240,479266.33,0,0,0,0,4
2025-04-07,social,9918.32,2204071,57203,479266.33,0,0,0,0,4
2025-04-07,tiktok,7766.65,1553329,19541,479266.33,0,0,0,0,4
2025-04-07,tv,23408.45,2926057,61667,479266.33,0,0,0,0,4
2025-04-14,digital,22678.01,6479432,157158,445443.86,0,0,0,0,4
2025-04-14,ooh,10728.08,1788013,25830,445443.86,0,0,0,0,4
2025-04-14,search,15325.82,3831455,48914,445443.86,0,0,0,0,4
2025-04-14,social,14477.66,3217257,27516,445443.86,0,0,0,0,4
2025-04-14,tiktok,8021.69,1604337,25662,445443.86,0,0,0,0,4
2025-04-14,tv,34955.96,4369495,116575,445443.86,0,0,0,0,4
2025-04-21,digital,12413.67,3546762,47603,452094.4,0,0,0,0,4
2025-04-21,ooh,14230.94,2371823,43312,452094.4,0,0,0,0,4
2025-04-21,search,14228.13,3557033,34624,452094.4,0,0,0,0,4
2025-04-21,social,7057.22,1568272,28482,452094.4,0,0,0,0,4
2025-04-21,tiktok,5168.06,1033611,30637,452094.4,0,0,0,0,4
2025-04-21,tv,25710.92,3213865,96322,452094.4,0,0,0,0,4
2025-04-28,digital,13538.99,3868282,77981,420218.63,0,0,0,0,4
2025-04-28,ooh,9014.48,1502414,29805,420218.63,0,0,0,0,4
2025-04-28,search,11678.6,2919650,35477,420218.63,0,0,0,0,4
2025-04-28,social,12630.45,2806767,25961,420218.63,0,0,0,0,4
2025-04-28,tiktok,4085.46,817091,24207,420218.63,0,0,0,0,4
2025-04-28,tv,35613.79,4451723,90539,420218.63,0,0,0,0,4
2025-05-05,digital,22176.85,6336244,135989,453379.56,0,0,0,1,5
2025-05-05,ooh,18264.17,3044028,16882,453379.56,0,0,0,1,5
2025-05-05,search,11964.85,2991213,87072,453379.56,0,0,0,1,5
2025-05-05,social,13088.54,2908565,74040,453379.56,0,0,0,1,5
2025-05-05,tiktok,8639.61,1727921,47782,453379.56,0,0,0,1,5
2025-05-05,tv,41248.49,5156061,140474,453379.56,0,0,0,1,5
2025-05-12,digital,21579.96,6165704,158705,416149.88,0,0,0,0,5
2025-05-12,ooh,13324.58,2220763,39704,416149.88,0,0,0,0,5
2025-05-12,search,8459.89,2114974,15560,416149.88,0,0,0,0,5
2025-05-12,social,10597.87,2355082,46169,416149.88,0,0,0,0,5
2025-05-12,tiktok,7743.76,1548752,38659,416149.88,0,0,0,0,5
2025-05-12,tv,20689.07,2586134,71675,416149.88,0,0,0,0,5
2025-05-19,digital,16058.69,4588196,25746,404937.14,0,0,0,1,5
2025-05-19,ooh,16502.58,2750430,37463,404937.14,0,0,0,1,5
2025-05-19,search,17545.7,4386425,117041,404937.14,0,0,0,1,5
2025-05-19,social,13054.86,2901080,33613,404937.14,0,0,0,1,5
2025-05-19,tiktok,11558.63,2311726,27113,404937.14,0,0,0,1,5
2025-05-19,tv,50402.38,6300298,156161,404937.14,0,0,0,1,5
2025-05-26,digital,17194.83,4912808,51604,405898.83,0,0,0,0,5
2025-05-26,ooh,17265.53,2877589,44695,405898.83,0,0,0,0,5
2025-05-26,search,11493.17,2873291,65212,405898.83,0,0,0,0,5
2025-05-26,social,10701.52,2378116,67158,405898.83,0,0,0,0,5
2025-05-26,tiktok,7228.13,1445626,18824,405898.83,0,0,0,0,5
2025-05-26,tv,28794.33,3599292,59472,405898.83,0,0,0,0,5
2025-06-02,digital,22384.86,6395675,145808,394259.03,0,0,0,0,6
2025-06-02,ooh,11492.98,1915496,14380,394259.03,0,0,0,0,6
2025-06-02,search,11989.14,2997285,77182,394259.03,0,0,0,0,6
2025-06-02,social,9542.24,2120497,16709,394259.03,0,0,0,0,6
2025-06-02,tiktok,6075.29,1215059,22700,394259.03,0,0,0,0,6
2025-06-02,tv,29312.02,3664003,25754,394259.03,0,0,0,0,6
2025-06-09,digital,11007.07,3144878,60030,374601.13,0,0,0,0,6
2025-06-09,ooh,18568.13,3094688,76038,374601.13,0,0,0,0,6
2025-06-09,search,7134.61,1783652,52435,374601.13,0,0,0,0,6
2025-06-09,social,12730.3,2828956,54023,374601.13,0,0,0,0,6
2025-06-09,tiktok,5400.4,1080080,20543,374601.13,0,0,0,0,6
2025-06-09,tv,25840.74,3230093,17427,374601.13,0,0,0,0,6
2025-06-16,digital,12247.28,3499223,60852,396717.95,0,0,0,0,6
2025-06-16,ooh,12578.99,2096498,59876,396717.95,0,0,0,0,6
2025-06-16,search,13013.6,3253399,84764,396717.95,0,0,0,0,6
2025-06-16,social,8977.72,1995049,45938,396717.95,0,0,0,0,6
2025-06-16,tiktok,6601.54,1320307,23287,396717.95,0,0,0,0,6
2025-06-16,tv,28622.85,3577857,60573,396717.95,0,0,0,0,6
2025-06-23,digital,15097.67,4313620,27522,449450.99,0,0,0,0,6
2025-06-23,ooh,9825.79,1637632,9100,449450.99,0,0,0,0,6
2025-06-23,search,11996.21,2999051,85727,449450.99,0,0,0,0,6
2025-06-23,social,12138.26,2697392,17455,449450.99,0,0,0,0,6
2025-06-23,tiktok,6203.15,1240630,25950,449450.99,0,0,0,0,6
2025-06-23,tv,35813.57,4476696,77706,449450.99,0,0,0,0,6
2025-06-30,digital,14803.73,4229638,57975,415842.11,0,0,0,0,6
2025-06-30,ooh,13404.21,2234036,44757,415842.11,0,0,0,0,6
2025-06-30,search,8569.6,2142400,17511,415842.11,0,0,0,0,6
2025-06-30,social,8636.8,1919289,38283,415842.11,0,0,0,0,6
2025-06-30,tiktok,5267.82,1053565,16023,415842.11,0,0,0,0,6
2025-06-30,tv,31797.54,3974693,60352,415842.11,0,0,0,0,6
2025-07-07,digital,19243.46,5498132,146402,420780.11,0,0,1,0,7
2025-07-07,ooh,10392.13,1732021,41735,420780.11,0,0,1,0,7
2025-07-07,search,9994.78,2498696,62204,420780.11,0,0,1,0,7
2025-07-07,social,9812.25,2180500,55379,420780.11,0,0,1,0,7
2025-07-07,tiktok,9334.37,1866874,44300,420780.11,0,0,1,0,7
2025-07-07,tv,35282.62,4410327,84697,420780.11,0,0,1,0,7
2025-07-14,digital,17383.71,4966775,28670,402892.66,0,0,1,0,7
2025-07-14,ooh,11271.28,1878546,22768,402892.66,0,0,1,0,7
2025-07-14,search,11637.91,2909477,54238,402892.66,0,0,1,0,7
2025-07-14,social,7816.29,1736953,11617,402892.66,0,0,1,0,7
2025-07-14,tiktok,9001.07,1800215,24013,402892.66,0,0,1,0,7
2025-07-14,tv,35565.11,4445639,83596,402892.66,0,0,1,0,7
2025-07-21,digital,10714.41,3061260,45646,408724.26,0,0,1,0,7
2025-07-21,ooh,14344.27,2390712,59024,408724.26,0,0,1,0,7
2025-07-21,search,11190.4,2797600,52000,408724.26,0,0,1,0,7
2025-07-21,social,10873.8,2416400,43027,408724.26,0,0,1,0,7
2025-07-21,tiktok,8154.21,1630843,21636,408724.26,0,0,1,0,7
2025-07-21,tv,41997.74,5249717,136048,408724.26,0,0,1,0,7
2025-07-28,digital,18355.64,5244469,150142,373342.69,0,0,1,0,7
2025-07-28,ooh,14791.47,2465245,51299,373342.69,0,0,1,0,7
2025-07-28,search,10445.31,2611326,71741,373342.69,0,0,1,0,7
2025-07-28,social,12869.88,2859973,32787,373342.69,0,0,1,0,7
2025-07-28,tiktok,5430.27,1086054,8885,373342.69,0,0,1,0,7
2025-07-28,tv,30999.02,3874877,29900,373342.69,0,0,1,0,7
2025-08-04,digital,19167.09,5476311,34348,426366.39,0,0,1,1,8
2025-08-04,ooh,15178.93,2529822,71415,426366.39,0,0,1,1,8
2025-08-04,search,14147.76,3536940,103615,426366.39,0,0,1,1,8
2025-08-04,social,12800.94,2844653,61368,426366.39,0,0,1,1,8
2025-08-04,tiktok,10150.34,2030067,19728,426366.39,0,0,1,1,8
2025-08-04,tv,30538.82,3817353,40576,426366.39,0,0,1,1,8
2025-08-11,digital,20954.63,5987037,142148,409331.62,0,0,1,0,8
2025-08-11,ooh,15996.8,2666134,78718,409331.62,0,0,1,0,8
2025-08-11,search,10571.24,2642811,59783,409331.62,0,0,1,0,8
2025-08-11,social,9624.51,2138780,17040,409331.62,0,0,1,0,8
2025-08-11,tiktok,7533.81,1506763,39572,409331.62,0,0,1,0,8
2025-08-11,tv,40525.13,5065641,125755,409331.62,0,0,1,0,8
2025-08-18,digital,14627.84,4179382,47813,378031.95,0,0,1,0,8
2025-08-18,ooh,16479.87,2746646,16641,378031.95,0,0,1,0,8
2025-08-18,search,11491.88,2872969,49052,378031.95,0,0,1,0,8
2025-08-18,social,7799.09,1733132,49267,378031.95,0,0,1,0,8
2025-08-18,tiktok,7283.18,1456636,23535,378031.95,0,0,1,0,8
2025-08-18,tv,31236.86,3904608,102285,378031.95,0,0,1,0,8
2025-08-25,digital,14622.97,4177991,111407,403902.49,0,0,1,0,8
2025-08-25,ooh,17255.93,2875989,46371,403902.49,0,0,1,0,8
2025-08-25,search,14458.57,3614641,59317,403902.49,0,0,1,0,8
2025-08-25,social,9592.82,2131737,58342,403902.49,0,0,1,0,8
2025-08-25,tiktok,8377.78,1675555,17923,403902.49,0,0,1,0,8
2025-08-25,tv,40983.55,5122944,153025,403902.49,0,0,1,0,8
2025-09-01,digital,24182.75,6909357,163418,448257.87,0,0,0,1,9
2025-09-01,ooh,19305.29,3217548,60087,448257.87,0,0,0,1,9
2025-09-01,search,7079.77,1769942,25945,448257.87,0,0,0,1,9
2025-09-01,social,8921.89,1982642,19131,448257.87,0,0,0,1,9
2025-09-01,tiktok,9837.61,1967523,47188,448257.87,0,0,0,1,9
2025-09-01,tv,46988.55,5873568,157546,448257.87,0,0,0,1,9
2025-09-08,digital,19380.16,5537190,150294,404163.65,0,0,0,0,9
2025-09-08,ooh,17119.68,2853279,24734,404163.65,0,0,0,0,9
2025-09-08,search,10678.67,2669669,37482,404163.65,0,0,0,0,9
2025-09-08,social,8246.76,1832613,23974,404163.65,0,0,0,0,9
2025-09-08,tiktok,7721.24,1544249,29108,404163.65,0,0,0,0,9
2025-09-08,tv,32747.03,4093378,111534,404163.65,0,0,0,0,9
2025-09-15,digital,18353.07,5243733,54525,391130.11,0,0,0,0,9
2025-09-15,ooh,8406.15,1401025,18784,391130.11,0,0,0,0,9
2025-09-15,search,11625.44,2906361,42978,391130.11,0,0,0,0,9
2025-09-15,social,10564.51,2347670,46228,391130.11,0,0,0,0,9
2025-09-15,tiktok,7595.64,1519128,8399,391130.11,0,0,0,0,9
2025-09-15,tv,36036.95,4504618,57924,391130.11,0,0,0,0,9
2025-09-22,digital,11184.51,3195573,58422,388635.76,0,0,0,0,9
2025-09-22,ooh,12639.84,2106640,62549,388635.76,0,0,0,0,9
2025-09-22,search,11914.28,2978570,21576,388635.76,0,0,0,0,9
2025-09-22,social,12794.17,2843148,65255,388635.76,0,0,0,0,9
2025-09-22,tiktok,7209.03,1441807,18612,388635.76,0,0,0,0,9
2025-09-22,tv,46912.61,5864076,88205,388635.76,0,0,0,0,9
2025-09-29,digital,18720.34,5348669,130945,416178.53,0,0,0,0,9
2025-09-29,ooh,11176.68,1862781,10070,416178.53,0,0,0,0,9
2025-09-29,search,10429.61,2607404,18085,416178.53,0,0,0,0,9
2025-09-29,social,15838.59,3519687,56549,416178.53,0,0,0,0,9
2025-09-29,tiktok,4348.97,869795,8198,416178.53,0,0,0,0,9
2025-09-29,tv,47844.95,5980619,69986,416178.53,0,0,0,0,9
2025-10-06,digital,13428.34,3836670,42750,414875.33,0,0,0,0,10
2025-10-06,ooh,13867.49,2311248,37703,414875.33,0,0,0,0,10
2025-10-06,search,7321.44,1830360,44838,414875.33,0,0,0,0,10
2025-10-06,social,8966.64,1992586,17749,414875.33,0,0,0,0,10
2025-10-06,tiktok,6885.52,1377104,29466,414875.33,0,0,0,0,10
2025-10-06,tv,34331.16,4291395,86504,414875.33,0,0,0,0,10
2025-10-13,digital,17757.72,5073634,54636,396200.58,0,0,0,0,10
2025-10-13,ooh,12017.09,2002848,52207,396200.58,0,0,0,0,10
2025-10-13,search,12048.14,3012036,48650,396200.58,0,0,0,0,10
2025-10-13,social,13096.87,2910416,22130,396200.58,0,0,0,0,10
2025-10-13,tiktok,6029.24,1205849,14320,396200.58,0,0,0,0,10
2025-10-13,tv,35006.07,4375758,124578,396200.58,0,0,0,0,10
2025-10-20,digital,12151.23,3471779,19718,414851.96,0,0,0,0,10
2025-10-20,ooh,13139.32,2189886,28682,414851.96,0,0,0,0,10
2025-10-20,search,15238.53,3809633,107687,414851.96,0,0,0,0,10
2025-10-20,social,10690.15,2375589,71254,414851.96,0,0,0,0,10
2025-10-20,tiktok,5056.06,1011211,6698,414851.96,0,0,0,0,10
2025-10-20,tv,41290.99,5161374,70277,414851.96,0,0,0,0,10
2025-10-27,digital,18536.82,5296235,153394,424122.43,0,0,0,0,10
2025-10-27,ooh,18739.05,3123175,53078,424122.43,0,0,0,0,10
2025-10-27,search,7864.78,1966195,39925,424122.43,0,0,0,0,10
2025-10-27,social,9901.78,2200395,36051,424122.43,0,0,0,0,10
2025-10-27,tiktok,9096.75,1819351,11595,424122.43,0,0,0,0,10
2025-10-27,tv,28278.99,3534873,66898,424122.43,0,0,0,0,10
2025-11-03,digital,14296.79,4084798,92931,428403.28,0,0,0,0,11
2025-11-03,ooh,13174.51,2195752,64667,428403.28,0,0,0,0,11
2025-11-03,search,13327.91,3331978,19590,428403.28,0,0,0,0,11
2025-11-03,social,11112.99,2469552,66217,428403.28,0,0,0,0,11
2025-11-03,tiktok,9176.61,1835323,35868,428403.28,0,0,0,0,11
2025-11-03,tv,36364.66,4545582,56399,428403.28,0,0,0,0,11
2025-11-10,digital,16504.02,4715435,98501,473704.56,0,0,0,1,11
2025-11-10,ooh,19228.53,3204755,54070,473704.56,0,0,0,1,11
2025-11-10,search,13826.66,3456665,30896,473704.56,0,0,0,1,11
2025-11-10,social,13484.06,2996459,51118,473704.56,0,0,0,1,11
2025-11-10,tiktok,11293.24,2258647,12520,473704.56,0,0,0,1,11
2025-11-10,tv,44167.45,5520931,51041,473704.56,0,0,0,1,11
2025-11-17,digital,19546.79,5584798,131800,447138.85,0,0,0,0,11
2025-11-17,ooh,13048.2,2174700,17991,447138.85,0,0,0,0,11
2025-11-17,search,11263.37,2815842,28568,447138.85,0,0,0,0,11
2025-11-17,social,10489.5,2331000,65405,447138.85,0,0,0,0,11
2025-11-17,tiktok,7191.17,1438233,37710,447138.85,0,0,0,0,11
2025-11-17,tv,36357.42,4544677,44900,447138.85,0,0,0,0,11
2025-11-24,digital,25146.71,7184773,131412,468346.46,0,1,0,0,11
2025-11-24,ooh,19480.52,3246754,20432,468346.46,0,1,0,0,11
2025-11-24,search,12624.1,3156026,92766,468346.46,0,1,0,0,11
2025-11-24,social,13217.07,2937126,21130,468346.46,0,1,0,0,11
2025-11-24,tiktok,12186.81,2437362,21656,468346.46,0,1,0,0,11
2025-11-24,tv,39978.69,4997336,32226,468346.46,0,1,0,0,11
2025-12-01,digital,15055.38,4301537,72710,454713.14,0,0,0,0,12
2025-12-01,ooh,13746.84,2291141,65608,454713.14,0,0,0,0,12
2025-12-01,search,10676.57,2669143,27940,454713.14,0,0,0,0,12
2025-12-01,social,7418.27,1648504,12942,454713.14,0,0,0,0,12
2025-12-01,tiktok,6881.71,1376342,27753,454713.14,0,0,0,0,12
2025-12-01,tv,23413.17,2926646,84089,454713.14,0,0,0,0,12
2025-12-08,digital,22181.65,6337614,102912,410186.84,0,0,0,0,12
2025-12-08,ooh,14986.76,2497793,29087,410186.84,0,0,0,0,12
2025-12-08,search,14441.33,3610332,64603,410186.84,0,0,0,0,12
2025-12-08,social,7130.61,1584581,44750,410186.84,0,0,0,0,12
2025-12-08,tiktok,7155.69,1431138,23066,410186.84,0,0,0,0,12
2025-12-08,tv,20128.43,2516054,37922,410186.84,0,0,0,0,12
2025-12-15,digital,15703.28,4486650,94269,441999.02,0,0,0,0,12
2025-12-15,ooh,16987.61,2831268,49835,441999.02,0,0,0,0,12
2025-12-15,search,12818.5,3204624,91025,441999.02,0,0,0,0,12
2025-12-15,social,11682.52,2596116,74476,441999.02,0,0,0,0,12
2025-12-15,tiktok,5381.94,1076387,17299,441999.02,0,0,0,0,12
2025-12-15,tv,26744.96,3343120,86430,441999.02,0,0,0,0,12
2025-12-22,digital,17360.77,4960220,49793,463281.81,1,0,0,0,12
2025-12-22,ooh,18346.81,3057801,22223,463281.81,1,0,0,0,12
2025-12-22,search,15484.32,3871079,113925,463281.81,1,0,0,0,12
2025-12-22,social,9777.23,2172718,27958,463281.81,1,0,0,0,12
2025-12-22,tiktok,7447.85,1489570,10122,463281.81,1,0,0,0,12
2025-12-22,tv,31335.14,3916893,86302,463281.81,1,0,0,0,12
